dealname,subject,body,filename,updated_at,status
Seed Round - DeepJudge,Subject: Exciting Opportunities for DeepJudge,"
Dear Paulina Grnarova Ph.D,

 Congratulations on DeepJudge's recent partnership with IBM, marking an important milestone in expanding its AI-powered technology to the enterprise market.

We're impressed by the startup's potential and growth trajectory. Your team's commitment to addressing the challenges of AI adoption across industries resonates with our focus on empowering founders to scale their businesses.

At EnvisionX Capital, we specialize in early growth-stage investments in AI and enterprise SaaS. Our team has a proven track record of supporting entrepreneurs like you, providing both capital and operational guidance to drive go-to-market strategy and operational efficiency.

As part of our network, we're well-connected with top-tier VCs, including a16z, and have a deep understanding of the industry landscape.

We'd love to discuss DeepJudge's latest progress in more detail and explore potential opportunities for collaboration. Please feel free to reach out at your convenience. I'm always looking to connect with like-minded entrepreneurs.

Best regards,

David
Investment Director
EnvisionX Capital

https://www.linkedin.com/in/david-wang-866a9a82/
https://calendly.com/davidwang-envisionxcapital",Imported_table-Grid_view_1.csv,2025-07-31T12:10:58,generated
Seed Round - Brightwave,Subject: Exploring Investment Opportunities with Brightwave - Leveraging AI for Financial Analysis,"
Dear Mike Conover,

We wanted to reach out and congratulate you and the team at Brightwave on the recent launch of your innovative AI research helper, which provides intelligent and trustworthy financial analysis on any topic. Your platform's ability to process large amounts of data from various sources, extract granular details, and flag inconsistencies has already generated significant interest in the market.

We're impressed by the accuracy and completeness of the financial analysis provided by Brightwave, which is built to guide users through the most critical considerations relevant to their investment decisions. This level of expertise and automation has the potential to disrupt traditional research methods, making it an attractive solution for investors and financial professionals alike.

At EnvisionX Capital, we specialize in investing in early growth-stage ventures focused on AI and enterprise SaaS solutions. With a proven track record of supporting entrepreneurs in scaling their businesses, we're excited about the prospect of collaborating with Brightwave. Our investment team has already made significant strides in the AI space, including recent investments in StreamNative and ScienceIO.

As an added value, our partnership extends beyond capital and operational guidance to providing access to our industry connections, including top-tier VCs like a16z.

We'd love to schedule a call to discuss Brightwave's latest progress and explore potential future investment opportunities. Would you be available for a brief discussion in the coming weeks?

Best regards,

David
Investment Director
EnvisionX Capital

[https://www.linkedin.com/in/david-wang-866a9a82/](https://www.linkedin.com/in/david-wang-866a9a82/)
[Calendly](https://calendly.com/davidwang-envisionxcapital)",Imported_table-Grid_view_1.csv,2025-07-31T12:28:16,generated
